{
  "train_loss": [
    34.899271408956935,
    31.791066512600533,
    24.569195341127518,
    16.191716488034345,
    10.824133597832072,
    7.469860233929222,
    5.42067997765325,
    4.387462268062949,
    3.7743908624274494,
    3.4720386309926243,
    4.215554209994405,
    3.4571581398252276,
    2.921464690629089,
    2.467256236292444,
    2.384929345093465,
    2.2450785024648705,
    2.119668907989548,
    2.081011288475774,
    2.006075937582287,
    1.9533154899620218,
    1.95269193317955,
    1.912011203448938,
    1.8621513134043022,
    1.8096814278029243,
    1.7604278657371544,
    1.7251580993214404,
    1.7005036651547942,
    1.697517286614709,
    1.680372605511069,
    1.656453102376886,
    1.9362240197795395,
    2.0081848172622867,
    2.004950001520693,
    2.0127569087682535,
    1.9739172325393584,
    1.9528561531597033,
    1.9597977079293518,
    1.9137948441721522,
    1.9093916081229725,
    1.8998408195115288,
    1.8431805844033233,
    1.8384600132253595,
    1.8131696792527627,
    1.7871976456973488,
    1.7614974327317898,
    1.7441432418419875,
    1.710653204212016,
    1.6912366357094573,
    1.6688524164101868,
    1.643212342910536,
    1.6217188104041753,
    1.6158205576893787,
    1.5879103417122833,
    1.5709519397095972,
    1.5584954808485831,
    1.5496112889753728,
    1.5302584689909597,
    1.521149062678173,
    1.5117942174035617,
    1.502411139695666,
    1.4948186942817943,
    1.4866317452981033,
    1.4797296650099971,
    1.4794590195860386,
    1.4697415670239313,
    1.467615093709479,
    1.4646425023900058,
    1.4615342440561945,
    1.4600394769737728,
    1.4628797420202064,
    1.6266410285972757,
    1.7355358611420924,
    1.7346187621084945,
    1.7374567160793661,
    1.7127951632093448,
    1.7162249873411979,
    1.7009958558212235,
    1.6875945830273125,
    1.6706056029414842,
    1.6791297550287851,
    1.6720795865505484,
    1.6589520611431663
  ],
  "train_acc": [
    0.0,
    0.0,
    0.0004720543806646526,
    0.013878398791540786,
    0.11272658610271903,
    0.2834214501510574,
    0.46138595166163143,
    0.587046827794562,
    0.6640861027190332,
    0.706570996978852,
    0.5485271903323263,
    0.6613481873111783,
    0.7498111782477341,
    0.8108006042296072,
    0.8377077039274925,
    0.8696185800604229,
    0.8860460725075529,
    0.9002077039274925,
    0.9116314199395771,
    0.9256042296072508,
    0.9281533232628398,
    0.9398602719033232,
    0.9453361027190332,
    0.9485460725075529,
    0.957987160120846,
    0.9594977341389728,
    0.9654456193353474,
    0.9650679758308157,
    0.96875,
    0.9692220543806647,
    0.9112537764350453,
    0.8990747734138973,
    0.9038897280966768,
    0.9041729607250756,
    0.9100264350453172,
    0.9168240181268882,
    0.9166351963746223,
    0.9239992447129909,
    0.923904833836858,
    0.9305135951661632,
    0.9357061933534743,
    0.9365558912386707,
    0.9392938066465257,
    0.9443919939577039,
    0.9449584592145015,
    0.9502454682779456,
    0.9556268882175226,
    0.9590256797583081,
    0.9621412386706949,
    0.9644070996978852,
    0.9679947129909365,
    0.9694108761329305,
    0.9710158610271903,
    0.9734705438066465,
    0.975547583081571,
    0.9780966767371602,
    0.9802681268882175,
    0.9798904833836858,
    0.9828172205438066,
    0.9825339879154078,
    0.9854607250755287,
    0.9861216012084593,
    0.9866880664652568,
    0.9867824773413897,
    0.9871601208459214,
    0.9868768882175226,
    0.9881986404833837,
    0.9883874622356495,
    0.9884818731117825,
    0.9867824773413897,
    0.9616691842900302,
    0.9453361027190332,
    0.9475075528700906,
    0.9495845921450151,
    0.9535498489425982,
    0.9519448640483383,
    0.9529833836858006,
    0.9575151057401813,
    0.9610083081570997,
    0.9577983383685801,
    0.9570430513595166,
    0.9603474320241692
  ],
  "val_loss": [
    33.957096835216845,
    31.892835134483246,
    26.086300240941796,
    21.064685901963568,
    17.806977800576085,
    15.876631001392044,
    14.25295884925199,
    13.250689270984696,
    12.704736910670636,
    12.437223520623633,
    12.939531395234257,
    11.73365010985409,
    10.63702069133161,
    10.162029352532812,
    9.585171544408224,
    8.91620180405766,
    8.80582269415798,
    8.374877090913703,
    8.298776098044522,
    7.962789208055979,
    7.558413901960994,
    6.860173955021135,
    6.207653240985181,
    5.890331193625209,
    5.705097925232117,
    5.095081197210105,
    4.8466265890971725,
    4.7998669147491455,
    4.754135982099786,
    4.694447103753148,
    5.378729682370841,
    5.853797027863652,
    4.273071179907006,
    4.45176743886557,
    4.317780017852783,
    4.440741518893874,
    4.457773478634386,
    4.010202608912824,
    4.240923505231558,
    3.5464096126786195,
    3.8546597067132056,
    3.9861082628548865,
    3.8371119729007583,
    3.437101642769503,
    3.299489638891565,
    3.230541849710855,
    3.136773161141269,
    3.1410928490650223,
    3.0494795678609825,
    3.09293745799237,
    3.0358778396284722,
    2.8414389167923524,
    2.899713869554451,
    2.7778470027877624,
    2.760568906025714,
    2.729208486625947,
    2.664898553526545,
    2.746701990265444,
    2.594843580062131,
    2.522953929671322,
    2.5439841402582375,
    2.57379833761468,
    2.5059745139386282,
    2.497993388807917,
    2.497200196047863,
    2.48622966674437,
    2.446070297654853,
    2.462951697498919,
    2.459031119404069,
    2.450867023812719,
    3.342512173825,
    3.3295011003333403,
    3.3790759551955993,
    3.407932600343084,
    3.8768469597919877,
    2.9466538946312593,
    3.0082249555243066,
    3.100005862224533,
    3.9266340962375503,
    3.3867595626647216,
    3.036365210291851,
    3.051675652883139
  ],
  "val_acc": [
    0.0,
    0.0,
    0.010566037735849057,
    0.12037735849056604,
    0.28641509433962264,
    0.3928301886792453,
    0.45547169811320753,
    0.4909433962264151,
    0.510943396226415,
    0.52,
    0.510943396226415,
    0.569811320754717,
    0.6139622641509433,
    0.6573584905660378,
    0.6860377358490566,
    0.7090566037735849,
    0.7249056603773585,
    0.7437735849056604,
    0.749811320754717,
    0.7532075471698113,
    0.7645283018867924,
    0.7645283018867924,
    0.7750943396226415,
    0.770188679245283,
    0.7807547169811321,
    0.7883018867924528,
    0.7973584905660377,
    0.8022641509433962,
    0.8033962264150943,
    0.8060377358490566,
    0.7581132075471698,
    0.7671698113207547,
    0.830566037735849,
    0.8283018867924529,
    0.8347169811320755,
    0.8494339622641509,
    0.8735849056603774,
    0.8928301886792452,
    0.8856603773584906,
    0.9230188679245283,
    0.9120754716981132,
    0.9075471698113208,
    0.900377358490566,
    0.9283018867924528,
    0.94,
    0.9479245283018868,
    0.9509433962264151,
    0.9483018867924529,
    0.9520754716981132,
    0.9547169811320755,
    0.9532075471698114,
    0.9660377358490566,
    0.9581132075471698,
    0.9645283018867925,
    0.9667924528301887,
    0.9690566037735849,
    0.9709433962264151,
    0.9683018867924529,
    0.9754716981132076,
    0.9758490566037736,
    0.9739622641509434,
    0.9709433962264151,
    0.9766037735849057,
    0.9762264150943396,
    0.980754716981132,
    0.9803773584905661,
    0.9830188679245283,
    0.9841509433962264,
    0.9833962264150944,
    0.9818867924528302,
    0.9252830188679245,
    0.9237735849056604,
    0.9313207547169812,
    0.9328301886792453,
    0.9067924528301887,
    0.9486792452830188,
    0.9543396226415094,
    0.9528301886792453,
    0.9252830188679245,
    0.9483018867924529,
    0.9588679245283019,
    0.9554716981132075
  ],